1,kjd2800
2,629560,650148
3,650146
4,650146,825523
5,657687
6,792566
7,NRJ-22A
8,LZZ-12N
9,RGL-31E
10,PXN-87B
11,7737
12,6864
13,34SPG62
14,34P0169
15,34TZ8852
16,34M5362
17,34M2059
18,24TN2305
19,34ZM817
20,34M5487
21,34AS5284
22,34HIJ50
23,34BM1158
24,34EF5270
25,34TJK56
26,34M1614
27,34M2667
28,34TJH23
29,34DJ3521
30,34YK5005
31,34M0503
32,34CCT50
33,3704
34,34M3098
35,34VG7335
36,34TDR96
37,34TN1917
38,CSM-502
39,BJN-168
40,BKH-638
41,CHA-811
42,09148M0
43,1010
44,23906
45,YWH-2810
46,369M716
47,ECZ07
48,14755
49,JJJ729
50,HFB303
51,DEH1064
52,4BTR53
53,HAR693
54,240M142
55,042BCF
56,63V504Y
57,GBP788
58,2CYL40
59,KVD758
60,4CML75
61,19242
62,893AMF
63,FMA652
64,6CSM37
65,3S-0386
66,5J83KC,CPP051
67,1231TH
68,55558EG
69,OT1398
70,1808QG
71,DE2602
72,5A1691
73,EY1196
74,0597DN
75,CQ0613
76,0050-PN
77,9655QJ
78,636NP
79,ZN-2703
80,J31366
81,2J05NB
82,7788LX
83,N43885
84,9465
85,6014
86,499
87,1278
88,3878
89,9123
90,8353
91,4160
92,4161
93,9955
94,8845
95,8828
96,4555
97,6948
98,5465
99,1213
100,687
301,2000-A3
302,3269-QZ
303,3269-Q7
304,215-MZ
305,7058-TK
306,2FE-363
307,8032-VL
308,2T-8265
309,22S-DS2
310,8-09L33
311,C51M1
312,C-51M11
313,B591RS
314,BB295
315,A140N5
316,B76W39
317,B273SF
318,B406N1
319,BL6G19
320,BN4P19
321,BN4P19
322,B330EP
323,B2370J
324,BWK443
325,BWK443
326,AA9298,BYF151
327,873EGA
328,566ODE
329,969MY
330,755CLA
331,136EL
332,728LW
333,5C661
334,J5F883
335,333YN
336,2C5058
337,3633GZ
338,B7129F
